family,null,measure,scope,estimate,B,boot_mean,boot_bias,se,pct_lo,pct_hi,basic_lo,basic_hi,norm_lo,norm_hi,mcse_lo,mcse_hi,p_pct_2sided,p_norm_2sided,obs,null_mean,cond_sd,z_cond,z_boot,holm_pct_2sided,holm_norm_2sided
dt,N0,sil,all,0.014776687525132776,1000,0.01466112805107845,-0.0001155594740543265,0.004291321553873742,0.006529146417362042,0.023475432388261545,0.0060779426620040065,0.023024228632903508,0.006365697279540242,0.02318767777072531,0.00026860505134809054,0.0003548535498224668,0.0,0.0005744733048162326,0.09654049406161969,0.08176380653648692,0.0017864564822628044,8.282061322424104,3.4433885551629144,,
dt,N0,sil,V1_V1,0.004673805698019474,1000,0.004465176288904113,-0.00020862940911536149,0.0040177773406197045,-0.002761947601522394,0.013199641864809864,-0.0038520304687709155,0.012109558997561342,-0.003201037889595147,0.012548649285634095,0.00025611192160071187,0.0004067566930048884,0.242,0.24471534477182944,,,,,1.16328141203031,0.726,0.7341460343154883
dt,N0,sil,HVA_HVA,0.017716459798060157,1000,0.017432092253104128,-0.00028436754495602887,0.008482307456112368,0.0015766976380838797,0.035372475314009236,6.044428211107733e-05,0.033856221958036434,0.001091137184079917,0.034341782412040396,0.0005927656692876645,0.000711422522214292,0.028,0.036740426762885185,,,,,2.0886368349326503,0.196,0.2571829873401963
dt,N0,sil,V1_HVA,0.020946353655257266,1000,0.021238913238206474,0.00029255958294920753,0.012989850503246789,-0.0033963372718109042,0.04621907744138147,-0.004326370130866938,0.04528904458232544,-0.00451375333110644,0.046406460641620975,0.0008636082532954818,0.0007932776331296738,0.094,0.10684950219656217,,,,,1.6125169146497693,0.47,0.5342475109828109
dt,N0,sil,HVA_V1,0.017299013355254488,1000,0.01718459185279736,-0.00011442150245712795,0.007154227465094016,0.003754536232072918,0.03248370408266284,0.002114322627846138,0.030843490478436056,0.0032767275236702167,0.03132129918683876,0.0005046963599357511,0.0007105606621231072,0.006,0.015605529227576397,,,,,2.418012767927439,0.048,0.12484423382061118
dt,N0,Fsil,all,0.0070593018768710354,1000,0.00715662342862257,9.732155175153426e-05,0.0015716373483300205,0.004308930622930286,0.010295603866802446,0.0038229998869396247,0.009809673130811785,0.003978892674144195,0.010139711079597876,0.00010108485246712496,0.0001137051912003071,0.0,7.066146609795388e-06,0.08429365104783017,0.07723434917095914,,,4.491686255975057,,
dt,N0,Fsil,V1_V1,0.0016630728995048094,1000,0.0016703211098485398,7.248210343730344e-06,0.0010118984529537674,-0.00020035054449234267,0.0038814660479013527,-0.0005553202488917338,0.0035264963435019617,-0.0003202480682845746,0.0036463938672941934,6.421473738240921e-05,0.00012053943461498288,0.082,0.10027589047954431,,,,,1.6435175828663842,,
dt,N0,Fsil,HVA_HVA,0.011726111778836748,1000,0.011881972677257203,0.00015586089842045507,0.003385272595688682,0.005576158113862785,0.01862238312038417,0.004829840437289325,0.01787606544381071,0.005090977491286931,0.018361246066386564,0.000207541076765469,0.00025352360772744326,0.0,0.0005324827162394164,,,,,3.4638604270068387,,
dt,N0,Fsil,V1_HVA,0.00727168582783244,1000,0.007547009632315484,0.0002753238044830445,0.005582071554886847,-0.0036002312446519347,0.01861536420683251,-0.004071992551167629,0.018143602900316816,-0.003669174419745779,0.01821254607541066,0.00048655921063581653,0.0005339756385096757,0.17,0.19268202261035083,,,,,1.3026858857562322,,
dt,N0,Fsil,HVA_V1,0.00554833798579885,1000,0.005579752965339043,3.141497954019332e-05,0.001537049839237267,0.0026990555079838747,0.008789280434651355,0.0023073955369463453,0.008397620463613826,0.002535720300893807,0.008560955670703894,0.00010379680536357677,0.0001465930748655954,0.002,0.00030651352804372665,,,,,3.6097319970783195,,
dt,N0p,sil,all,0.010043067844693703,1000,0.009817003372942331,-0.00022606447175137212,0.00391239069145065,0.002349034899749923,0.01737356091258499,0.0027125747768024164,0.017737100789637483,0.0023747820894504286,0.017711353599936978,0.00027382546508187075,0.0002799825081683662,0.01,0.010258556600209471,0.09654049406161969,0.086497426216926,,,2.566990016268007,,
dt,N0p,sil,V1_V1,0.005201145336722625,1000,0.004962843890920045,-0.0002383014458025804,0.004015528642723016,-0.0022854882639979485,0.013637798942442372,-0.0032355082689971212,0.0126877789374432,-0.002669290803014487,0.013071581476459739,0.00026707629172599583,0.0004044492868049574,0.196,0.19523126512672262,,,,,1.295257934754916,0.98,0.9761563256336131
dt,N0p,sil,HVA_HVA,0.008336938655629254,1000,0.007851870593476654,-0.00048506806215260073,0.0078048879024083355,-0.006416796372644014,0.024305610624313967,-0.007631733313055458,0.023090673683902524,-0.006960641633091083,0.023634518944349592,0.000506067694008754,0.000726197813979735,0.294,0.285444323176679,,,,,1.068168916693441,1.0,1.0
dt,N0p,sil,V1_HVA,0.01836375460867673,1000,0.01872728099457253,0.00036352638589580086,0.012000099646882373,-0.002859503622849797,0.04312011229389209,-0.006392603076538633,0.03958701284020326,-0.005156440699212721,0.04188394991656618,0.000684111742856371,0.0011148404509819557,0.108,0.1259424446053378,,,,,1.5303001765862532,0.756,0.8815971122373646
dt,N0p,sil,HVA_V1,0.013115023913710217,1000,0.012864949353845766,-0.0002500745598644511,0.006948294507418723,0.00026398628804061514,0.02757372618402492,-0.0013436783566044865,0.025966061539379817,-0.0005036333208304801,0.026733681148250914,0.00043402449448821636,0.0006776490982165451,0.046,0.05909082374471715,,,,,1.8875169870400932,0.368,0.4727265899577372
dt,N0p,Fsil,all,0.003971996197147639,1000,0.003932746628394785,-3.924956875285372e-05,0.001202673905873961,0.001739263803889621,0.006411669345354128,0.0015323230489411492,0.006204728590405656,0.0016147553416346752,0.006329237052660602,7.010960838720112e-05,9.320301104591902e-05,0.0,0.0009578004480511119,0.08429365104783017,0.08032165485068254,,,3.3026377123076123,,
dt,N0p,Fsil,V1_V1,0.0029660585403077514,1000,0.002921475788203725,-4.4582752104026235e-05,0.0010456502694198766,0.0009001831108843118,0.005179471936491748,0.0007526451441237552,0.005031933969731191,0.0009165840122447935,0.005015533068370709,8.160312966551937e-05,0.00010699801383616338,0.004,0.004560120555895075,,,,,2.836568427370378,,
dt,N0p,Fsil,HVA_HVA,0.003926799114787627,1000,0.003920760229458479,-6.038885329148411e-06,0.0025224282740672734,-0.000973212470121789,0.009166409527442219,-0.0013128112978669643,0.008826810699697044,-0.0010171603023842284,0.008870758531959483,0.00019880553530655346,0.00020960989159270278,0.11,0.1195290145321741,,,,,1.5567535280025564,,
dt,N0p,Fsil,V1_HVA,0.005856587441997432,1000,0.005800265818882134,-5.632162311529788e-05,0.00440005381795113,-0.002411655550504757,0.015090639959024271,-0.0033774650750294077,0.01412483043449962,-0.002767518041186783,0.014480692925181646,0.00033628698363645103,0.000505009051828561,0.18,0.1831803506483547,,,,,1.3310263202018133,,
dt,N0p,Fsil,HVA_V1,0.004117259752665274,1000,0.004052425124411608,-6.483462825366583e-05,0.0014867333073627798,0.0013409479748820949,0.007246360478398616,0.0009881590269319313,0.006893571530448453,0.0012032624702342253,0.0070312570350963225,9.46875504791838e-05,0.0001596708146359334,0.008,0.0056171175621067436,,,,,2.769333095771302,,
dt,N1,sil,all,0.00848499715659443,1000,0.008168831575497741,-0.0003161655810966883,0.004030053100309685,0.0005085226694415388,0.01618280222358907,0.0007871920895997885,0.01646147164374732,0.0005860930799874483,0.01638390123320141,0.00031652078372363144,0.0003125309131281383,0.042,0.03525384163232632,0.09654049406161969,0.08805549690502526,0.001222935261525192,7.005047508993283,2.1054306098206026,,
dt,N1,sil,V1_V1,0.0009478690687480856,1000,0.00046804896481305393,-0.0004798201039350317,0.003906812299390626,-0.006547900952115815,0.008992244449983977,-0.007096506312487805,0.008443639089611986,-0.006709483038057541,0.008605221175553712,0.0002443753949223356,0.000424682854253251,0.956,0.8083001296439626,,,,,0.2426195568432944,1.0,1.0
dt,N1,sil,HVA_HVA,0.009584792988637908,1000,0.008954700840189688,-0.0006300921484482195,0.008091110321757494,-0.005717936475489589,0.026408252874842615,-0.0072386668975668,0.024887522452765404,-0.0062737832420067825,0.0254433692192826,0.000506432596017475,0.0007522298777923684,0.25,0.23617252273061484,,,,,1.1846078730213094,1.0,1.0
dt,N1,sil,V1_HVA,0.012956648110207717,1000,0.013382755866980187,0.00042610775677246956,0.012697263039111301,-0.01043504914576305,0.03884910676425411,-0.012935810543838678,0.03634834536617848,-0.011929987446450433,0.037843283666865866,0.0009714780481809468,0.001044289718370553,0.302,0.3075253191729429,,,,,1.0204284238498829,1.0,1.0
dt,N1,sil,HVA_V1,0.011921629619671676,1000,0.011737264063999607,-0.0001843655556720697,0.0070265564767561465,-0.001558234850053407,0.025986987498334328,-0.0021437282589909755,0.02540149408939676,-0.0018504210747703701,0.025693680314113725,0.0005149611419989678,0.0007293553295398086,0.09,0.08976224312796502,,,,,1.6966532125812175,0.72,0.7180979450237202
dt,N1,Fsil,all,0.001820126415111859,1000,0.00184172770353633,2.1601288424470937e-05,0.0014077167522919824,-0.0006968314481490618,0.004598208329118655,-0.0009579554988949374,0.004337084278372779,-0.0009389984193804266,0.004579251249604144,8.79034556487287e-05,0.00011446235592563166,0.17,0.19602367449545355,0.08429365104783017,0.0824735246327183,,,1.2929635256157954,,
dt,N1,Fsil,V1_V1,-0.0006408421920725652,1000,-0.0007013506843228732,-6.050849225030803e-05,0.0009399914933477706,-0.002602136589473316,0.0012196571175078265,-0.002501341501652957,0.0013204522053281858,-0.0024832255190341953,0.0012015411348890652,7.627447420044017e-05,9.606685537048065e-05,0.416,0.49539503265352924,,,,,-0.6817531824572284,,
dt,N1,Fsil,HVA_HVA,0.003220217582502435,1000,0.0032336491503329495,1.343156783051476e-05,0.003162116705591658,-0.0025845567834973386,0.009953975872988538,-0.003513540707983668,0.009024991948502209,-0.002977531160457215,0.009417966325462084,0.0001907758549480373,0.0002648763275779357,0.32,0.3085002316354697,,,,,1.0183740457169197,,
dt,N1,Fsil,V1_HVA,0.0004067587206645645,1000,0.0006922759646143385,0.000285517243949774,0.0053775848563398735,-0.009695913450978252,0.011031325654723012,-0.010217808213393883,0.010509430892307381,-0.010133307597761588,0.010946825039090717,0.0003990215257178515,0.00047310613280531367,0.906,0.9397057781973264,,,,,0.07563966567352602,,
dt,N1,Fsil,HVA_V1,0.0028031898717631467,1000,0.0027916768362914695,-1.1513035471677133e-05,0.0014780398140378835,3.5683103863701335e-05,0.00567174311927662,-6.536337575032639e-05,0.005570696639662592,-9.376816375110484e-05,0.005700147907277398,0.0001166363200673948,0.00013448350549882302,0.048,0.057886151842083386,,,,,1.896559108313234,,
dt,N1s,sil,all,0.008456755841382689,0,,,,,,,,,,,,,,,,,,,,
dt,N1s,sil,V1_V1,0.0020132225403575,0,,,,,,,,,,,,,,,,,,,,
dt,N1s,sil,HVA_HVA,0.009426434077637113,0,,,,,,,,,,,,,,,,,,,,
dt,N1s,sil,V1_HVA,0.012704062873261738,0,,,,,,,,,,,,,,,,,,,,
dt,N1s,sil,HVA_V1,0.011164549991611846,0,,,,,,,,,,,,,,,,,,,,
dt,N1s,Fsil,all,0.0018567768414166912,0,,,,,,,,,,,,,,,,,,,,
dt,N1s,Fsil,V1_V1,0.0003690051170156353,0,,,,,,,,,,,,,,,,,,,,
dt,N1s,Fsil,HVA_HVA,0.003104993193320674,0,,,,,,,,,,,,,,,,,,,,
dt,N1s,Fsil,V1_HVA,0.0001645451064851724,0,,,,,,,,,,,,,,,,,,,,
dt,N1s,Fsil,HVA_V1,0.0022760584084921018,0,,,,,,,,,,,,,,,,,,,,
dt,N2,sil,all,0.008547248158443304,1000,0.008063732866084484,-0.0004835152923588198,0.003915191178195664,-1.4336780940190019e-05,0.0159713805560663,0.001123115760820307,0.0171088330978268,0.0008734734491798023,0.016221022867706804,0.00035056057000691307,0.00030306937445874753,0.052,0.02902855382953522,0.09654049406161969,0.08799324590317638,0.001306877599392478,6.313017021692663,2.1830985434489936,,
dt,N2,sil,V1_V1,0.002000828942224536,1000,0.0015822153101885707,-0.0004186136320359652,0.003879422138802205,-0.005362345068769937,0.009745949008526534,-0.005744291124077462,0.009364002953219009,-0.005602838449827786,0.009604496334276857,0.00024321879021024925,0.000381458736285143,0.706,0.6060259718239867,,,,,0.5157543754293014,1.0,1.0
dt,N2,sil,HVA_HVA,0.009238557847233523,1000,0.008544228527546167,-0.0006943293196873552,0.007877414622143834,-0.005781228805573149,0.025605051092917844,-0.007127935398450799,0.024258344500040194,-0.006201174812168392,0.024678290506635437,0.000496237402799232,0.0007876776858366514,0.24,0.24087978726955872,,,,,1.1727906033108175,1.0,1.0
dt,N2,sil,V1_HVA,0.014969755266072393,1000,0.01466768379301009,-0.0003020714730623021,0.011770430776530677,-0.0077296011784848875,0.03784119108257657,-0.007901680550431781,0.03766911171062967,-0.008100289055927733,0.03803979958807252,0.0009002543113254942,0.0009414204336809494,0.214,0.2034405233426091,,,,,1.271810314361724,1.0,1.0
dt,N2,sil,HVA_V1,0.010757615208992547,1000,0.010314292809218785,-0.00044332239977376217,0.006930728199481412,-0.0024479097409366994,0.02477520128475949,-0.0032599708667743962,0.023963140158921793,-0.002826612061991021,0.024341842479976117,0.0004943353580272078,0.0008029779520728553,0.116,0.12062338780113487,,,,,1.552162326867396,0.928,0.9649871024090789
dt,N2,Fsil,all,0.0019640018430848484,1000,0.0019297901841575235,-3.421165892732495e-05,0.0013234826087204286,-0.0005601778958831639,0.0045248696561448155,-0.0005968659699751187,0.004488181582052861,-0.0006300240700071917,0.0045580277561768886,8.42476954407855e-05,9.796388739505301e-05,0.14,0.13781821138209027,0.08429365104783017,0.08232964920474532,,,1.4839649800791017,,
dt,N2,Fsil,V1_V1,0.00030943731297015405,1000,0.00026875310271470463,-4.068421025544942e-05,0.0008789780423507887,-0.0014159329267990752,0.002017671943145337,-0.001398797317205029,0.0020348075527393834,-0.0014133596500373919,0.0020322342759777,6.172354181689249e-05,6.824990756847778e-05,0.772,0.7248066580012927,,,,,0.3520421421934243,,
dt,N2,Fsil,HVA_HVA,0.0029731778690143124,1000,0.002867888122288946,-0.00010528974672536617,0.002819098636601841,-0.002349343603223958,0.008487879483644836,-0.0025415237456162115,0.008295699341252582,-0.0025522554587252963,0.008498611196753922,0.00018256078492427872,0.00019554434754123483,0.318,0.2915829129703952,,,,,1.0546554953459164,,
dt,N2,Fsil,V1_HVA,0.0029578168763943155,1000,0.0031977957125933283,0.00023997883619901288,0.003995894141834126,-0.004609268631972248,0.011234024277429573,-0.005318390524640942,0.010524902384760879,-0.004874135641600571,0.010789769394389201,0.00032512011049147884,0.0003593136984960677,0.414,0.4591701403199997,,,,,0.7402140225458199,,
dt,N2,Fsil,HVA_V1,0.0016623636757011969,1000,0.001602790415249834,-5.957326045136278e-05,0.0014732935231042798,-0.0010971411596714658,0.004547145474886279,-0.0012224181234838849,0.004421868511073859,-0.0012252916295831915,0.004550018980985586,9.823013646818926e-05,0.00013494172406506493,0.262,0.2591798920663575,,,,,1.1283316254581366,,
dt,N3,sil,all,0.006712052970141323,1000,0.006100292046017472,-0.0006117609241238506,0.003656172542487268,-0.0007945035937770666,0.013431207002646524,-7.101062363878627e-06,0.014218609534059711,-0.00045404521313372175,0.013878151153416368,0.00022911428416516863,0.0002657943660053485,0.084,0.06638516087141233,0.09654049406161969,0.08982844109147838,0.0011841783970210314,5.709318371469931,1.835814062969567,,
dt,N3,sil,V1_V1,0.0011050293820752896,1000,0.0006538665904219011,-0.00045116279165338853,0.0037746284706822552,-0.005998875019668953,0.00834666718916189,-0.006136608425011311,0.008208933783819532,-0.006293242420461931,0.00850330118461251,0.00022559676639236746,0.0003315687276565268,0.892,0.7697118519946828,,,,,0.29275182727468757,1.0,1.0
dt,N3,sil,HVA_HVA,0.005321841414026083,1000,0.00455057422450526,-0.0007712671895208235,0.007264452211445565,-0.008610780566967869,0.019336623460543247,-0.00869294063249108,0.019254463395020037,-0.008916484920407225,0.01956016774845939,0.000440826695375548,0.0006561474235543634,0.542,0.46381051674974516,,,,,0.7325867469595593,1.0,1.0
dt,N3,sil,V1_HVA,0.014507962167031235,1000,0.013834037168135483,-0.0006739249988957519,0.011582829731723643,-0.008212874379500006,0.03805365453985722,-0.00903773020579475,0.03722879871356248,-0.008194384107147103,0.03721030844120957,0.000968203667946655,0.0014087815560418601,0.218,0.21037301731006242,,,,,1.2525403984223382,1.0,1.0
dt,N3,sil,HVA_V1,0.01029116797417225,1000,0.009617922114922225,-0.0006732458592500247,0.0067114119832167845,-0.0023327797646749806,0.02224635097709021,-0.0016640150287457085,0.02291511571301948,-0.002863199512932648,0.02344553546127715,0.0004175444952600552,0.0005790342980680574,0.128,0.12518140726586507,,,,,1.5333834370334223,1.0,1.0
dt,N3,Fsil,all,0.0010829680538875911,1000,0.0007684885936809115,-0.0003144794602066796,0.0007189169765282545,-0.0005690262228627859,0.002258541418120963,-9.26053103457807e-05,0.002734962330637968,-0.00032610922010778767,0.00249204532788297,4.926730549230355e-05,7.06073582886314e-05,0.274,0.13196754677611044,0.08429365104783017,0.08321068299394259,,,1.5063882050989914,,
dt,N3,Fsil,V1_V1,-0.00010499968366007048,1000,-0.0002579310935241513,-0.0001529314098640808,0.0007404772474616889,-0.0016900103562731302,0.0012645192410302582,-0.001474518608350399,0.0014800109889529893,-0.0015563350886849806,0.0013463357213648395,5.9047107022884626e-05,7.245556154631244e-05,0.688,0.8872379734339483,,,,,-0.14180001346429352,,
dt,N3,Fsil,HVA_HVA,0.0007200703506304641,1000,0.0003884137518038121,-0.00033165659882665195,0.0014723077876737489,-0.0022820293125595872,0.0035892397646993426,-0.0021490990634384145,0.0037221700138205154,-0.0021656529132100836,0.0036057936144710118,0.0001044899148223131,0.00014930256637365617,0.824,0.624787917494955,,,,,0.48907596404701326,,
dt,N3,Fsil,V1_HVA,0.003698978332947626,1000,0.003202008547209955,-0.000496969785737671,0.002567722643370387,-0.0018161611275871342,0.00848076231743362,-0.0010828056515383684,0.009214117793482387,-0.001333758048058333,0.008731714713953585,0.0002030504674832415,0.00021454799288216005,0.202,0.14970684772345128,,,,,1.4405677118196671,,
dt,N3,Fsil,HVA_V1,0.0015034253338749102,1000,0.00113334059581242,-0.00037008473806249016,0.0013214790165134531,-0.001361641238487644,0.003772393079958216,-0.0007655424122083956,0.004368491906237464,-0.001086673538491458,0.004093524206241279,0.0001019584683717812,0.00013370711217135353,0.39,0.2552525199027992,,,,,1.1376838489963301,,
iv,N0,viv,all,0.009003880763640369,1000,0.008865097421403598,-0.00013878334223677014,0.0038957727793238923,0.0014782924874341505,0.016612967058473396,0.0013947944688073415,0.016529469039846586,0.0013681661161655395,0.016639595411115198,0.00030084839431552776,0.0002698833313982365,0.022,0.020822225381200134,0.06879060929179234,0.05978672852815198,0.0017442268926061038,5.172388684997769,2.3111924831516952,,
iv,N0,viv,V1_V1,0.00053649748722512,1000,0.00032802471548925574,-0.00020847277173586425,0.004595352636308041,-0.007890964878105802,0.00996590967456636,-0.00889291470011612,0.008963959852556042,-0.00847039367993864,0.00954338865438888,0.0002929956136262433,0.0004036765361523307,0.998,0.9070598798487786,,,,,0.11674783845449307,1.0,1.0
iv,N0,viv,HVA_HVA,0.010432683172448136,1000,0.009851991734491401,-0.0005806914379567346,0.006824653773405607,-0.0022915825626127688,0.024294220457993683,-0.003428854113097412,0.02315694890750904,-0.0029436382234268536,0.023809004568323126,0.0003503531996119214,0.0006820633450227928,0.152,0.1263448306266862,,,,,1.5286758154827342,0.608,0.5342475109828109
iv,N0,viv,V1_HVA,0.005129331518046377,1000,0.006013400789618243,0.000884069271571866,0.010402167045211868,-0.013528960140736308,0.028694511919817887,-0.018435848883725132,0.02378762317682906,-0.015258915890568884,0.02551757892666164,0.0006469616299007371,0.0010974885098841308,0.542,0.6219403721692964,,,,,0.4931022060838194,1.0,1.0
iv,N0,viv,HVA_V1,0.016580934094998993,1000,0.016575144600810627,-5.789494188366412e-06,0.008705696255266742,0.00045832258064577554,0.03548237119846879,-0.002320503008470802,0.03270354560935221,-0.00048223056532382264,0.03364409875532181,0.000596139593558688,0.0009287395380959818,0.044,0.056831115211658956,,,,,1.9046074672049254,0.264,0.34098669126995373
iv,N0,Fviv,all,0.004665105640573589,1000,0.004724956022755533,5.985038218194426e-05,0.001117774580713695,0.0026031753979589177,0.007064227651673883,0.0022659836294732956,0.0067270358831882605,0.002474267462374747,0.0068559438187724316,7.621090003317312e-05,0.00010302886327268973,0.0,2.9986914524332697e-05,0.058558754615342476,0.053893648974768886,,,4.17356569121024,,
iv,N0,Fviv,V1_V1,0.000805405921069067,1000,0.0007864882339267736,-1.891768714229339e-05,0.0012068702331591195,-0.0015446328597526668,0.003266905290802208,-0.001656093448664074,0.003155444701890801,-0.0015600597359228074,0.003170871578060941,9.046594598253509e-05,0.0001236924009535011,0.488,0.5045480289203556,,,,,0.6673508873947663,,
iv,N0,Fviv,HVA_HVA,0.007458983143340895,1000,0.007513359904779536,5.4376761438640515e-05,0.002168760594738419,0.0034823105152039673,0.011705906240940547,0.0032120600457412433,0.011435655771477824,0.0032082123776535935,0.011709753909028196,0.00012769544763337467,0.00013719670221372553,0.0,0.000583255482370708,,,,,3.439283783298611,,
iv,N0,Fviv,V1_HVA,0.005161422907130646,1000,0.005361304871270377,0.00019988196413973057,0.0037691318915091697,-0.002058145352008747,0.01270273449388898,-0.0023798886796276876,0.01238099116627004,-0.0022260756002273263,0.012548921414488618,0.0002927445133227277,0.0003051309325087586,0.146,0.17087645465629198,,,,,1.3693930209123035,,
iv,N0,Fviv,HVA_V1,0.0041748547591864416,1000,0.004250930476148122,7.607571696168023e-05,0.0016253168185981354,0.0013180582498753524,0.0076768388933034564,0.0006728706250694267,0.0070316512684975305,0.0009892337947340962,0.007360475723638787,0.00010973931372362568,0.0001815609966392043,0.006,0.010209828663507307,,,,,2.5686405945071855,,
iv,N0p,viv,all,0.006337296046811178,1000,0.006155696913099391,-0.00018159913371178747,0.0036531292070893537,-0.0008982467468528662,0.013363730981442855,-0.0006891388878204983,0.013572838840475223,-0.0008228371990839549,0.013497429292706312,0.00027085466475184407,0.00031699434031848874,0.094,0.08278363317685222,0.06879060929179234,0.06245331324498115,,,1.7347582545158444,,
iv,N0p,viv,V1_V1,0.0021942495534004575,1000,0.001886115868556857,-0.0003081336848436006,0.004614997968361732,-0.006132760848554604,0.011813871796752135,-0.00742537268995122,0.010521259955355518,-0.006851146464588537,0.011239645571389453,0.0002578814042821939,0.00040924577835173666,0.7,0.6344587328652085,,,,,0.47546056757623867,1.0,1.0
iv,N0p,viv,HVA_HVA,0.00545572362782743,1000,0.004796695054309004,-0.0006590285735184262,0.006356572122531931,-0.006972232153018279,0.0178943062459898,-0.0069828589903349406,0.017883679408673137,-0.0070031577323351555,0.017914604987990017,0.0003831291075017176,0.0005773265255070419,0.454,0.39073744426963974,,,,,0.8582807718784007,1.0,1.0
iv,N0p,viv,V1_HVA,0.003981838510558278,1000,0.00465322974531715,0.0006713912347588724,0.010329877070919409,-0.014716377752993316,0.02649912370046489,-0.018535446679348335,0.02268005477410987,-0.016264720548443762,0.024228397569560318,0.0006156556165201683,0.0010778526864939479,0.664,0.6998906061209449,,,,,0.38546814092956816,1.0,1.0
iv,N0p,viv,HVA_V1,0.01241337949872774,1000,0.01257352736044199,0.00016014786171424968,0.00856774207514365,-0.0035142626005617785,0.03140644590392394,-0.006579686906468461,0.028341021598017258,-0.0043793949685538135,0.029206153966009292,0.0006709985493942983,0.0009036106187092285,0.124,0.14737926854540623,,,,,1.4488507461891134,0.756,0.8842756112724374
iv,N0p,Fviv,all,0.003049243283673704,1000,0.0030047308803919735,-4.4512403281730516e-05,0.0008999577284434228,0.0013441112787072294,0.004890099476605268,0.0012083870907421404,0.0047543752886401785,0.0012853261359245952,0.004813160431422813,5.992950598523126e-05,8.69830446338452e-05,0.0,0.00070351089082335,0.058558754615342476,0.05550951133166877,,,3.3882072316304344,,
iv,N0p,Fviv,V1_V1,0.002333327351163281,1000,0.002259919714984852,-7.340763617842867e-05,0.001188515892583417,3.4586501001361545e-06,0.004779862313217643,-0.00011320761089108136,0.004663196052226425,3.836201699783728e-06,0.004662818500626778,8.713350920381378e-05,0.0001268307180399976,0.05,0.0496197192619181,,,,,1.9632277243608793,,
iv,N0p,Fviv,HVA_HVA,0.0029321509534014282,1000,0.002876490428727598,-5.5660524673830335e-05,0.0015860514875093612,-3.406002202531834e-05,0.006223973939687586,-0.0003596720328847298,0.0058983619288281745,-0.0001765099621169196,0.0060408118689197765,0.00010269881121497707,0.00015915050170698752,0.06,0.06449954337416448,,,,,1.8487110768427195,,
iv,N0p,Fviv,V1_HVA,0.004264545828021461,1000,0.004190664638548437,-7.388118947302368e-05,0.0030921079071471753,-0.001563820221155647,0.010449433874963297,-0.0019203422189203751,0.010092911877198569,-0.0017959856699870025,0.010325077326029924,0.0002173945099319214,0.0002896270169090964,0.174,0.1678420098431036,,,,,1.3791710884876571,,
iv,N0p,Fviv,HVA_V1,0.003325183166781895,1000,0.0033349880995078786,9.804932725983664e-06,0.0015570405700439922,0.0004160152184485032,0.006762247592960934,-0.00011188125939714383,0.006234351115115287,0.0002733836494956702,0.00637698268406812,0.00012009671706517008,0.00018900394707610643,0.024,0.03271374340785316,,,,,2.135579014930835,,
iv,N1,viv,all,0.0049974007477397615,1000,0.004752277420955914,-0.00024512332678384725,0.0037471759633592515,-0.002208939907210358,0.012334393397155731,-0.002339591901676208,0.012203741402689882,-0.002347064140444371,0.012341865635923894,0.00023900144545559325,0.00031761604356405525,0.198,0.1823203799909643,0.06879060929179234,0.06379320854405258,0.0013724490183792356,3.441405187705145,1.3336445356731297,,
iv,N1,viv,V1_V1,-0.0017318520248883213,1000,-0.002075534481168767,-0.0003436824562804458,0.004704853886344457,-0.010665142762299512,0.00761338919580385,-0.011077093245580493,0.00720143871252287,-0.010953365642123456,0.007489661592346814,0.00026954165261292387,0.0004006134421263271,0.626,0.7127994142620042,,,,,-0.3680990030136564,1.0,1.0
iv,N1,viv,HVA_HVA,0.005822106342880854,1000,0.005092080240464674,-0.0007300261024161805,0.006513237128352472,-0.0064346057412037585,0.01814565246185871,-0.006501439776097,0.018078818426965466,-0.0069438384286899905,0.0185880511144517,0.0003486733847002582,0.0005445623257092668,0.45,0.37138166833727315,,,,,0.8938882813796095,1.0,1.0
iv,N1,viv,V1_HVA,0.001957988427637016,1000,0.0027053007826564287,0.0007473123550194127,0.010311649062232628,-0.016235997909045945,0.0244743463128943,-0.020558369457620268,0.02015197476431998,-0.018252843734338935,0.02216882058961297,0.0006421843391885537,0.001033473945764516,0.816,0.8494022148214733,,,,,0.18988121258008386,1.0,1.0
iv,N1,viv,HVA_V1,0.011426589314486937,1000,0.011416424769267788,-1.0164545219149348e-05,0.008746170640915677,-0.004366385990624404,0.029866160012760545,-0.007012981383786671,0.027219564619598277,-0.005715905141707792,0.028569083770681666,0.0005081208157657579,0.0009099647070408934,0.194,0.19139356120468132,,,,,1.3064676855299309,1.0,1.0
iv,N1,Fviv,all,0.0014368820632317716,1000,0.0014576346173663928,2.0752554134621185e-05,0.001005697441412383,-0.00040963520530879345,0.003443611963635059,-0.0005698478371715158,0.003283399331772337,-0.000534284921936499,0.0034080490484000425,6.739441666983091e-05,8.238234381135485e-05,0.146,0.15307843300453197,0.058558754615342476,0.05712187255211071,,,1.4287418900199653,,
iv,N1,Fviv,V1_V1,-0.0006862882313069488,1000,-0.0007566549916718966,-7.036676036494775e-05,0.001126001965047929,-0.0030851455094076355,0.0015087339477695815,-0.002881310410383479,0.0017125690467937379,-0.002893252082800889,0.0015206756201869918,0.000111976732079907,9.957948282025618e-05,0.462,0.5421989377998029,,,,,-0.609491148870008,,
iv,N1,Fviv,HVA_HVA,0.002234057098954511,1000,0.002248498890240826,1.4441791286315137e-05,0.001979320349857339,-0.0014547768277478502,0.0061191485585990945,-0.0016510343606900724,0.005922891025656872,-0.0016454107867658733,0.006113524984674896,0.00012101157689671974,0.0001247104602915399,0.254,0.2590247887837166,,,,,1.1286991007370446,,
iv,N1,Fviv,V1_HVA,0.001166607930531684,1000,0.0012520154566593388,8.54075261276547e-05,0.0035832292402804937,-0.005408916509097034,0.008295734674863274,-0.005962518813799906,0.007742132370160403,-0.005856521380418083,0.008189737241481452,0.00022108023952377982,0.00035408352704336364,0.72,0.7447463370110619,,,,,0.3255744615547853,,
iv,N1,Fviv,HVA_V1,0.00242247466078899,1000,0.0024895173407132537,6.704267992426382e-05,0.0016260389232307742,-0.0005128978766239595,0.005742294216465909,-0.000897344894887929,0.005357847198201939,-0.0007645616287433273,0.005609510950321308,0.0001195494255406539,0.00018245202315652425,0.106,0.13627652818641536,,,,,1.489801151854212,,
iv,N1s,viv,all,0.0051692879572850636,0,,,,,,,,,,,,,,,,,,,,
iv,N1s,viv,V1_V1,-0.00026551363156413925,0,,,,,,,,,,,,,,,,,,,,
iv,N1s,viv,HVA_HVA,0.006075913863897464,0,,,,,,,,,,,,,,,,,,,,
iv,N1s,viv,V1_HVA,0.0018081267239385395,0,,,,,,,,,,,,,,,,,,,,
iv,N1s,viv,HVA_V1,0.01043805767920002,0,,,,,,,,,,,,,,,,,,,,
iv,N1s,Fviv,all,0.001691208286922092,0,,,,,,,,,,,,,,,,,,,,
iv,N1s,Fviv,V1_V1,0.0005599402119849096,0,,,,,,,,,,,,,,,,,,,,
iv,N1s,Fviv,HVA_HVA,0.0024304542349665443,0,,,,,,,,,,,,,,,,,,,,
iv,N1s,Fviv,V1_HVA,0.0009670243217787737,0,,,,,,,,,,,,,,,,,,,,
iv,N1s,Fviv,HVA_V1,0.0020455430430254174,0,,,,,,,,,,,,,,,,,,,,
iv,N2,viv,all,0.0052134216717457426,1000,0.004973356455485628,-0.00024006521626011423,0.003705298584546021,-0.0018705606471557763,0.012310458111542778,-0.0018836147680512932,0.01229740399064726,-0.0020489635539644585,0.012475806897455944,0.000224110277058094,0.0003143847084933318,0.166,0.1594220619209602,0.06879060929179234,0.06357718762004659,0.0013408532124363985,3.877830368076798,1.4070179643523921,,
iv,N2,viv,V1_V1,0.00031141385027030167,1000,-2.0308304935896527e-05,-0.0003317221552061982,0.00483192532458237,-0.00878542169505328,0.010425814541500846,-0.009802986840960242,0.009408249395593885,-0.009159159785911142,0.009781987486451746,0.00028726683809047294,0.0004389714838229273,0.998,0.9486125342919169,,,,,0.06444922662318206,1.0,1.0
iv,N2,viv,HVA_HVA,0.005821111682072378,1000,0.005214951754013611,-0.0006061599280587672,0.00636681496290555,-0.006370069436096465,0.018916614666315047,-0.00727439130217029,0.01801229280024122,-0.0066578456452224995,0.018300069009367256,0.0003740822958733028,0.0007793632562717629,0.438,0.36056477832227085,,,,,0.9142894392231347,1.0,1.0
iv,N2,viv,V1_HVA,0.003108566689843423,1000,0.0033707287962631135,0.0002621621064196906,0.010091364221923683,-0.016385168076016206,0.02481294704297939,-0.01859581366329254,0.02260230145570305,-0.016670507185126995,0.02288764056481384,0.0007470861129160151,0.0010676296124074996,0.75,0.7580501722974271,,,,,0.3080422648000359,1.0,1.0
iv,N2,viv,HVA_V1,0.009838498721929823,1000,0.009904221066965285,6.57223450354627e-05,0.008647773534419494,-0.007411978228160565,0.027834748716768293,-0.008157751272908648,0.02708897567202021,-0.0071111374055323855,0.02678813484939203,0.0007924092678589977,0.0007383051894758722,0.218,0.25524931054727584,,,,,1.1376915321349543,1.0,1.0
iv,N2,Fviv,all,0.0017327880185111753,1000,0.0017066250738292017,-2.6162944681973636e-05,0.0009535421135926276,-3.9370539657141515e-05,0.003595675202757208,-0.00013009916573485754,0.003504946576679492,-0.00013615452413037483,0.0036017305611527255,6.194844265247636e-05,7.317497770728071e-05,0.058,0.06918468276800542,0.058558754615342476,0.0568259665968313,,,1.817211839739946,,
iv,N2,Fviv,V1_V1,0.00045245657130813937,1000,0.00042511375301602407,-2.7342818292115298e-05,0.001024126778402051,-0.0015513768763787093,0.0025509506267000774,-0.0016460374840837986,0.002456290018994988,-0.0015548319143598801,0.0024597450569761588,8.166319281956231e-05,9.315764274076418e-05,0.686,0.6586358036869369,,,,,0.4417974227898905,,
iv,N2,Fviv,HVA_HVA,0.002231699783164476,1000,0.0021550247517815643,-7.66750313829119e-05,0.0017970803172304606,-0.0010982530458567047,0.005724529709571694,-0.0012611301432427415,0.005561652612185657,-0.0012905776386072263,0.005753977204936179,0.00012387488378456032,0.00012572473633022915,0.218,0.21429281619091134,,,,,1.2418475466938628,,
iv,N2,Fviv,V1_HVA,0.0027903836716217023,1000,0.002828992275239507,3.860860361780492e-05,0.0028524224483298115,-0.002511244744531492,0.00873023044553855,-0.0031494631022951462,0.008092012087774898,-0.0028003643271047284,0.008381131670348133,0.0002228881657418189,0.00027868846712108554,0.316,0.3279504479015285,,,,,0.9782504948576481,,
iv,N2,Fviv,HVA_V1,0.001756184407649484,1000,0.0017675973072923674,1.1412899642883334e-05,0.0015154245737572334,-0.001017689482395254,0.0049132511265993556,-0.0014008823113003874,0.004530058297694222,-0.0012140477569146935,0.004726416572213662,0.00011398511218914608,0.00016667471755211564,0.216,0.24650801365835673,,,,,1.1588728585120724,,
iv,N3,viv,all,0.004119939990288054,1000,0.003597789981602246,-0.000522150008685808,0.0035265926404143347,-0.0028173147893861493,0.010557183005438411,-0.002317303024862303,0.011057194769962258,-0.002792181584924042,0.01103206156550015,0.00021026327308057736,0.0002907096053469559,0.31,0.24270615024507336,0.06879060929179234,0.06467066930150428,0.0013366422706499177,3.0123603287939966,1.1682494720467653,,
iv,N3,viv,V1_V1,-0.00042674993167930226,1000,-0.0010167030903952762,-0.000589953158715974,0.004495108552257402,-0.009237970285155729,0.008267582215910094,-0.009121082079268698,0.008384470421797125,-0.009237162694103811,0.008383662830745207,0.0003111751293044368,0.00034851142229035614,0.802,0.924365254273445,,,,,-0.09493651303815397,1.0,1.0
iv,N3,viv,HVA_HVA,0.004005219891866907,1000,0.0029333769270013816,-0.001071842964865525,0.006081339490871723,-0.00856413878094522,0.014874108826936643,-0.0068636690432028295,0.016574578564679032,-0.007914205510241672,0.015924645293975484,0.0004603675930993034,0.00048311766254135346,0.638,0.5101474131865862,,,,,0.6586081730643165,1.0,1.0
iv,N3,viv,V1_HVA,0.0020663542151557928,1000,0.002565781461088412,0.0004994272459326191,0.009826086647561521,-0.015606451857711732,0.02260761967069316,-0.018474911240381572,0.01973916028802332,-0.01719277561406479,0.021325484044376373,0.0007194063602204231,0.0010375921333726221,0.818,0.8334392385316718,,,,,0.21029269222540256,1.0,1.0
iv,N3,viv,HVA_V1,0.009383375531446097,1000,0.009144580896802142,-0.00023879463464395422,0.008326271852547956,-0.006038273610333508,0.027110504026040316,-0.008343752963148123,0.0248050246732257,-0.006936117299547897,0.02570286836244009,0.0005642266407594222,0.0008022205582605303,0.268,0.25975938298419055,,,,,1.1269600245606504,1.0,1.0
iv,N3,Fviv,all,0.0010288630927021754,1000,0.000712574333681913,-0.0003162887590202624,0.0006098815599398864,-0.00041037693252651657,0.0020013982262156427,5.6327959188708174e-05,0.0024681031179308675,-0.00016650476478000196,0.002224230950184353,3.9757662483281556e-05,5.900038724211534e-05,0.248,0.09160559014576138,0.058558754615342476,0.057529891522640306,,,1.686988360172074,,
iv,N3,Fviv,V1_V1,5.053941567555632e-05,1000,-0.00016857863158092787,-0.00021911804725648418,0.0008415313789594677,-0.001833775867001397,0.0015181458276100192,-0.0014170669962589066,0.0019348546983525097,-0.0015988620870850004,0.001699940918436113,7.147208771334357e-05,8.100476879496225e-05,0.85,0.9521106482193928,,,,,0.060056483856902675,,
iv,N3,Fviv,HVA_HVA,0.0008977366368314953,1000,0.0005588876936213432,-0.0003388489432101521,0.0010429801749691776,-0.0012409164739834524,0.0028795291435814684,-0.0010840558699184777,0.003036389747646443,-0.001146504506108093,0.0029419777797710833,5.9873015006445726e-05,0.00010034048562407397,0.63,0.38938026377729174,,,,,0.860741803513212,,
iv,N3,Fviv,V1_HVA,0.0027271680579572413,1000,0.0023532183843758938,-0.00037394967358134754,0.0019409996736921135,-0.0011955173979328441,0.006407189133664628,-0.0009528530177501451,0.0066498535138473265,-0.001077191302479301,0.006531527418393784,0.00012050266203301129,0.00018141640814213253,0.208,0.1600115477409988,,,,,1.4050327235602782,,
iv,N3,Fviv,HVA_V1,0.001349618881961937,1000,0.000986896223435742,-0.00036272265852619495,0.0013760659887868912,-0.001479158454848309,0.0037483304328303512,-0.0010490926689064772,0.004178396218772183,-0.00134747045606037,0.004046708219984244,7.750869490853407e-05,0.00013192812039318057,0.454,0.3267009270470028,,,,,0.9807806405794032,,
